{
  "project_info": {
    "project_number": "31480945126",
    "project_id": "mobilapp-70f03",
    "storage_bucket": "mobilapp-70f03.firebasestorage.app"
  },
  "client": [
    {
      "client_info": {
        "mobilesdk_app_id": "1:31480945126:android:1ff3c5612931f86a461e27",
        "android_client_info": {
          "package_name": "com.example.myapplication"
        }
      },
      "oauth_client": [],
      "api_key": [
        {
          "current_key": "AIzaSyABecwllTQlVpI6WfduM7O82APSaA8o-y0"
        }
      ],
      "services": {
        "appinvite_service": {
          "other_platform_oauth_client": []
        }
      }
    }
  ],
  "configuration_version": "1"
}